fid,extensao,consorcio,descricao_desvio,tipo_rota,direcao,destino,servico
1,8502,Santa Cruz,,regular,1,Jardim Bangu,819
2,6637,Intersul,,regular,0,Central do Brasil,010
3,29403,Internorte,,regular,0,Copacabana,SN457
4,25967,Santa Cruz,,regular,1,Terminal Campo Grande,857
5,30591,Transcarioca,,regular,0,Copacabana [reversível],557
6,32495,MOBI-Rio,,brt,1,Santa Eugênia,14
7,10980,Santa Cruz,,regular,0,Terminal Curral Falso,807
8,20595,Intersul,,regular,0,Leblon,476
9,30677,Santa Cruz,,regular,1,Campo Grande,SN731
10,35725,Santa Cruz,,regular,0,Terminal Deodoro,853
11,23578,Transcarioca,,regular,1,Merck,636
12,15590,Transcarioca,,regular,0,Terminal Tanque,610
13,27348,Internorte,,regular,0,Méier,SVA685
14,30403,Intersul,,regular,0,Jardim de Alah,444
15,13689,Transcarioca,,regular,0,Jardim Oceânico,805
16,39214,Internorte,,regular,1,Pavuna,SR384
17,76697,Santa Cruz,,frescao,0,Castelo,2338
18,25277,Intersul,,regular,0,Leblon,415
19,20663,Transcarioca,,regular,1,Cascadura,607
20,36760,Santa Cruz,,regular,0,Bonsucesso,918
21,31020,Santa Cruz,,regular,0,Penha,926
22,12325,Intersul,,regular,1,Largo do Machado,585
23,21811,Internorte,,regular,1,Pavuna,SN919
24,36646,Santa Cruz,,regular,1,Jardim Violeta,918
25,12308,Intersul,,regular,0,Copacabana,463
26,22537,Santa Cruz,,regular,1,Jabour,SV803
27,38097,Transcarioca,,regular,0,Recreio dos Bandeirantes,SP315
28,28980,Santa Cruz,,regular,1,Terminal Campo Grande,786
29,26305,Intersul,,regular,0,Circular,583
30,23989,Transcarioca,,regular,0,Marechal Hermes,785
31,17901,Intersul,,regular,0,Candelária,275
32,44313,Santa Cruz,,regular,0,Candelária,393
33,75873,Santa Cruz,,frescao,1,Santa Cruz,2335
34,4802,Santa Cruz,,regular,0,Terminal Campo Grande,848
35,5180,Internorte,,regular,1,Vicente de Carvalho,951
36,38445,Internorte,,regular,1,Mariópolis,624
37,15567,Internorte,,regular,1,Metrô Pavuna,779
38,21282,Intersul,,regular,0,Leme,472
39,11983,Intersul,,regular,1,São Cristóvão,463
40,24552,Transcarioca,,regular,1,Terminal Alvorada,645
41,31158,Transcarioca,,regular,1,Curicica,390
42,46718,Santa Cruz,,regular,1,Santa Cruz,753
43,8665,Transcarioca,,regular,1,Praça Seca,702
44,7146,Intersul,,regular,1,Silvestre,507
45,37512,Transcarioca,,regular,0,Candelária,348
46,24550,Santa Cruz,,regular,1,Campo Grande,798
47,66578,Santa Cruz,,frescao,1,Jardim 7 de Abril,2307
48,30073,Internorte,,regular,1,Rocha Miranda,277
49,12227,Internorte,,regular,1,Bancários,SP329
50,28500,Santa Cruz,,regular,0,Cascadura,786
51,12247,Intersul,,regular,1,Silvestre,SN007
52,26319,Internorte,,regular,0,Castelo,321
53,13288,Santa Cruz,,regular,0,Campo Grande,826
54,32591,Santa Cruz,,regular,0,Terminal Deodoro,883
55,32769,Santa Cruz,,regular,1,Santíssimo,737
56,23025,Santa Cruz,,regular,1,Largo do Mendanha,765
57,19432,Transcarioca,,regular,0,Barra da Tijuca,878
58,25600,Internorte,,regular,0,Méier,669
59,4776,Internorte,,regular,0,Vista Alegre,951
60,19213,Internorte,,regular,0,Terminal Gentileza,SV606
61,16336,Internorte,,regular,1,Camarista Méier,247
62,51332,Santa Cruz,,frescao,1,Santa Cruz,2802
63,17403,Internorte,,regular,0,Passeio,247
64,33487,Transcarioca,,regular,1,Cidade de Deus,558
65,51739,Transcarioca,,regular,0,Terminal Alvorada,957
66,65821,Santa Cruz,,frescao,0,Carioca,2307
67,29800,Internorte,,regular,0,Rio Comprido,711
68,18669,MOBI-Rio,,brt,1,Pingo D'Água,28
69,34462,Internorte,,regular,1,Bananal,634
70,6775,Intersul,,regular,1,Vila Isabel,605
71,21583,Internorte,,regular,1,Água Santa,238
72,19949,Internorte,,regular,1,Marechal Hermes,650
73,4796,Santa Cruz,,regular,1,Monte Santo,848
74,23989,Transcarioca,,regular,0,Marechal Hermes,785
75,19947,Intersul,,regular,0,Gávea,410
76,33623,Santa Cruz,,regular,1,Realengo,383
77,37398,Transcarioca,,regular,0,Rio das Pedras,558
78,33052,Transcarioca,,regular,1,Curicica,380
79,26192,Santa Cruz,,regular,1,Sepetiba,884
80,24724,MOBI-Rio,,brt,0,Terminal Alvorada,52
81,22218,Transcarioca,,regular,0,Recreio dos Bandeirantes,954
82,7664,Santa Cruz,,regular,1,Rio da Prata,846
83,10690,MOBI-Rio,,brt,1,Bangu,68
84,25443,Intersul,,regular,1,Usina,SN415
85,30692,Transcarioca,,regular,1,Terminal Gentileza,301
86,49494,Transcarioca,,regular,0,Castelo,361
87,14117,Intersul,,regular,1,Metrô General Osório [Praia do Flamengo],100
88,30270,Transcarioca,,regular,0,Candelária,SP343
89,28630,Transcarioca,,regular,0,Terminal Alvorada,301
90,17621,Internorte,,regular,1,Engenho de Dentro,606
91,10465,Santa Cruz,,regular,1,Jabour,SP803
92,26638,Internorte,,regular,0,Méier,680
93,17432,Intersul,,regular,0,Castelo,157
94,19548,Internorte,,regular,0,Fundão,SP485
95,32283,Santa Cruz,,regular,1,Barra de Guaratiba,SN867
96,23392,Internorte,,regular,1,Irajá,SN685
97,6085,Transcarioca,,regular,0,Terminal Taquara,831
98,21713,Internorte,,regular,1,Engenho de Dentro,SV606
99,21583,Internorte,,regular,1,Água Santa,SN238
100,37825,Internorte,,regular,1,Pavuna,399
101,11914,Intersul,,regular,0,Copacabana,163
102,26839,Transcarioca,,regular,1,Terminal Taquara,810
103,69916,Santa Cruz,,regular,0,Candelária,388
104,16218,Internorte,,regular,1,Lins de Vasconcelos,232
105,13031,Santa Cruz,,regular,0,Circular,821
106,11428,Intersul,,regular,0,Copacabana [reversível],463
107,33097,Santa Cruz,,regular,1,Terminal Mato Alto,883
108,21406,Internorte,,regular,1,Cordovil,335
109,13947,MOBI-Rio,,brt,1,Terminal Centro Olímpico,50
110,27893,Internorte,,regular,1,Marechal Hermes,638
111,14033,Santa Cruz,,regular,1,Urucânia,868
112,30735,Internorte,,regular,0,Penha,SV483
113,22819,Intersul,,regular,1,Grajaú,422
114,28477,MOBI-Rio,,brt,0,Terminal Alvorada,46
115,12173,Intersul,,regular,1,Central,107
116,75980,Santa Cruz,,frescao,1,Santa Cruz,2335
117,30207,Internorte,,regular,1,Madureira,SN355
118,33623,Santa Cruz,,regular,1,Realengo,SN383
119,6532,Santa Cruz,,regular,1,Terminal Campo Grande,837
120,36907,Transcarioca,,regular,1,Riocentro,368
121,19716,Internorte,,regular,0,Candelária,SN312
122,54309,Santa Cruz,,frescao,0,Barra da Tijuca,2802
123,16949,Intersul,,regular,0,Lido,473
124,21265,Internorte,,regular,0,Saens Peña,630
125,48427,Transcarioca,,regular,1,Central,315
126,38692,MOBI-Rio,,brt,1,Santa Cruz,11
127,40861,Santa Cruz,,regular,0,Circular,852
128,11776,Internorte,,regular,0,Circular,LECD85
129,20412,Internorte,,regular,1,Engenho da Rainha,292
130,19806,Transcarioca,,regular,1,Méier,678
131,23249,Intersul,,regular,1,Méier,476
132,26736,Transcarioca,,frescao,0,Castelo,2110
133,24250,Transcarioca,,regular,1,Riocentro,SPA613
134,5504,Intersul,,regular,1,Bairro de Fátima,010
135,11665,Intersul,,regular,1,Largo do Machado,133
136,31888,Transcarioca,,regular,0,Candelária,390
137,24514,Intersul,,regular,0,Copacabana [via P. do Flamengo],SV474
138,26627,Transcarioca,,regular,0,Pontal,810
139,14112,Santa Cruz,,regular,1,Jardim Palmares,893
140,39799,Internorte,,regular,0,Passeio,399
141,33031,Internorte,,regular,0,Saens Peña,634
142,41008,Internorte,,regular,1,Bananal,SN634
143,24220,Internorte,,regular,1,Realengo,SV917
144,23471,Santa Cruz,,regular,0,Circular,SN895
145,11445,Intersul,,regular,1,Andaraí,217
146,8053,Santa Cruz,,regular,0,Circular,894
147,28671,Transcarioca,,regular,0,Recreio dos Bandeirantes,961
148,40875,Transcarioca,,regular,1,Recreio dos Bandeirantes [reversível],553
149,48434,Transcarioca,,regular,1,Recreio dos Bandeirantes,361
150,29479,Transcarioca,,regular,1,Méier,692
151,16007,Intersul,,regular,0,Leme,SN538
152,6353,Transcarioca,,regular,1,Colônia,SV831
153,27434,Transcarioca,,regular,1,Terminal Taquara,SN810
154,24175,Internorte,,regular,1,Madureira,254
155,21897,Internorte,,regular,1,Terminal Deodoro,908
156,26845,Internorte,,regular,1,Bananal,910
157,12403,Intersul,,regular,1,Furnas,448
158,28247,Internorte,,regular,1,Bananal,323
159,22536,Internorte,,regular,1,Engenheiro Leal,311
160,14369,Intersul,,regular,0,Circular,519
161,33463,Internorte,,regular,1,Méier,696
162,19540,MOBI-Rio,,brt,0,Terminal Alvorada,35
163,22085,Santa Cruz,,regular,1,São Fernando,840
164,36520,Internorte,,regular,1,Marechal Hermes,378
165,24995,Internorte,,frescao,1,Bancários,2344
166,28974,Transcarioca,,regular,1,Rio das Pedras,557
167,22606,MOBI-Rio,,brt,1,Terminal Deodoro,51
168,17467,Internorte,,regular,1,Pavuna,SP795
169,22313,Internorte,,regular,0,Castelo,SN238
170,19619,MOBI-Rio,,brt,0,Terminal Alvorada,40
171,39346,Santa Cruz,,regular,0,Candelária,300
172,38660,Internorte,,regular,0,Saens Peña,SN634
173,24437,Internorte,,regular,1,Marechal Hermes,SP265
174,46589,Santa Cruz,,regular,1,Vila Aliança,389
175,29364,Transcarioca,,frescao,0,Castelo,2345
176,18556,Intersul,,regular,1,São Januário,473
177,74846,Santa Cruz,,frescao,1,Terminal Campo Grande,2338
178,16436,MOBI-Rio,,brt,1,Campo Grande,17
179,10306,Santa Cruz,,regular,0,Inhoaíba,841
180,4960,Transcarioca,,regular,1,Colônia,831
181,25960,Internorte,,regular,1,Méier,455
182,76070,Santa Cruz,,frescao,0,Castelo,2338
183,12246,Santa Cruz,,regular,0,Campo Grande,893
184,16074,Intersul,,regular,1,Alto Gávea,105
185,15669,MOBI-Rio,,brt,0,Santa Cruz,17
186,26324,Transcarioca,,regular,0,Candelária,SN363
187,22588,Internorte,,regular,0,Terminal Gentileza,SP265
188,32659,Santa Cruz,,regular,1,Sepetiba,898
189,37646,Transcarioca,,regular,0,Candelária,368
190,14158,Internorte,,regular,0,Terminal Fundão,SP328
191,46066,Santa Cruz,,regular,0,Metrô Coelho Neto,753
192,33322,Santa Cruz,,regular,0,Cascadura,SV790
193,46074,Transcarioca,,regular,0,Recreio dos Bandeirantes,315
194,6705,Intersul,,regular,0,Castelo,201
195,13447,Internorte,,regular,1,Bananal,SP328
196,17508,Internorte,,regular,0,Castelo,SN232
197,6994,Intersul,,regular,1,Central,117
198,21436,MOBI-Rio,,brt,1,Pontal,18
199,24146,Transcarioca,,regular,1,Cidade de Deus,SPA550
200,29009,Internorte,,regular,0,Castelo,SN265
201,28644,Internorte,,regular,1,Bananal,328
202,29706,Transcarioca,,regular,1,Taquara,341
203,17089,Intersul,,regular,1,Candelária,SN209
204,9437,Transcarioca,,regular,1,Terminal Alvorada,SP805
205,16251,Internorte,,regular,0,Terminal Gentileza,606
206,33307,Santa Cruz,,regular,0,Praça da República,383
207,23312,Santa Cruz,,regular,0,Circular,743
208,38304,Santa Cruz,,regular,1,Terminal Sulacap,300
209,19150,Transcarioca,,regular,0,Vila Valqueire,678
210,45826,Santa Cruz,,frescao,1,Bangu,2310
211,22222,Internorte,,regular,0,Tiradentes,335
212,24589,Transcarioca,,regular,1,Terminal Tanque,878
213,53650,Santa Cruz,,frescao,0,Castelo,2336
214,70078,Santa Cruz,,frescao,0,Carioca,2303
215,15569,Internorte,,regular,1,Méier,663
216,16782,Intersul,,regular,1,Gávea-PUC,157
217,25047,Transcarioca,,regular,1,Rio das Pedras,961
218,27085,Transcarioca,,regular,0,Metrô Del Castilho,611
219,22512,Internorte,,regular,0,Saens Peña,623
220,18420,Intersul,,regular,1,Vila Isabel,433
221,14236,Intersul,,regular,0,Leblon,110
222,29038,MOBI-Rio,,brt,1,Magarça,16
223,23553,MOBI-Rio,,brt,0,Santa Efigênia,43
224,27143,Transcarioca,,regular,1,Ramos (Praia),940
225,10657,MOBI-Rio,,brt,1,Terminal Aroldo Melodia,90
226,24312,Internorte,,regular,1,Marechal Hermes,928
227,31981,Transcarioca,,regular,0,Terminal Gentileza,SN353
228,3895,Intersul,,regular,0,Muda,626
229,13735,Intersul,,regular,1,Terminal Gentileza,SV112
230,29802,Transcarioca,,regular,0,Saens Peña,601
231,13188,Intersul,,regular,0,Alto Gávea,112
232,34655,Internorte,,regular,0,Castelo,SR362
233,11299,Transcarioca,,regular,1,Gardênia Azul,932
234,28023,Transcarioca,,regular,1,Terminal Tanque,565
235,75715,Santa Cruz,,regular,1,Cesarão,SN388
236,19737,Intersul,,regular,1,Rocinha,SN538
237,23374,Santa Cruz,,regular,1,Bangu,794
238,19651,Internorte,,regular,1,Água Santa,239
239,28330,Internorte,,regular,0,Castelo,325
240,18632,Internorte,,regular,0,Méier,653
241,11006,MOBI-Rio,,brt,0,Terminal Deodoro,68
242,71168,Santa Cruz,,regular,0,Candelária,SN388
243,36861,Internorte,,regular,0,Praça da Bandeira,SV624
244,15460,Transcarioca,,regular,1,Terminal Taquara,900
245,18072,Intersul,,regular,1,Rocinha,539
246,31105,Transcarioca,,regular,0,Terminal Alvorada,692
247,8732,Intersul,,regular,1,Santa Alexandrina,201
248,17515,Internorte,,regular,0,Castelo,232
249,22561,Santa Cruz,,regular,0,Terminal Recreio,SV899
250,19635,Transcarioca,,regular,1,Rio das Pedras,SV863
251,23416,MOBI-Rio,,brt,1,Pingo D'Água,19
252,25158,MOBI-Rio,,brt,0,Terminal Gentileza,60
253,8605,Transcarioca,,regular,0,Irajá,712
254,43409,Santa Cruz,,regular,1,Santa Cruz,754
255,21053,Transcarioca,,regular,1,Terminal Taquara,SN954
256,40926,Internorte,,regular,1,Mariópolis,SN624
257,17961,Transcarioca,,regular,0,Madureira,775
258,79272,Santa Cruz,,frescao,1,Santa Cruz,2337
259,75606,Transcarioca,,frescao,0,Circular,2918
260,25158,Transcarioca,,regular,0,Saens Peña,645
261,18853,Transcarioca,,regular,0,Vargem Grande,817
262,16191,Transcarioca,,regular,1,Piabas,817
263,17144,Transcarioca,,regular,0,Joatinga,990
264,15244,Transcarioca,,regular,1,Merck,990
265,6177,Santa Cruz,,regular,0,Campo Grande,808
266,6846,Santa Cruz,,regular,1,Salim,808
267,22836,Santa Cruz,,regular,1,Barra de Guaratiba,899
268,20334,Santa Cruz,,regular,0,Terminal Recreio,899
269,4097,Intersul,,regular,0,Praça Saens Peña,605
270,18061,Intersul,,regular,0,Terminal Gentileza [reversível],108
271,18159,Intersul,,regular,1,Terminal Gentileza,112
272,11662,Intersul,,regular,1,Largo do Machado,SN133
273,10404,Intersul,,regular,1,Rio Comprido,202
274,12757,Intersul,,regular,0,Gamboa,222
275,13480,Intersul,,regular,1,Vila Isabel,222
276,10923,Intersul,,regular,0,Castelo,229
277,16217,Internorte,,regular,1,Lins de Vasconcelos,SN232
278,33368,Internorte,,regular,0,Castelo,SN298
279,33848,Internorte,,regular,1,Acari,SN298
280,38877,Santa Cruz,,regular,0,Candelária,SR300
281,38431,Santa Cruz,,regular,1,Terminal Sulacap,SR300
282,27695,Internorte,,regular,0,Candelária,SR328
283,28643,Internorte,,regular,1,Bananal,SR328
284,32048,Internorte,,regular,0,Castelo,SR342
285,28663,Internorte,,regular,1,Jardim América,SR342
286,37348,Transcarioca,,regular,1,Riocentro,352
287,28531,Internorte,,regular,0,Praça Tiradentes,SR355
288,29100,Internorte,,regular,1,Madureira,SR355
289,39839,Santa Cruz,,regular,1,Bangu,369
290,35621,Internorte,,regular,0,Castelo,SR378
291,36493,Internorte,,regular,1,Marechal Hermes,SR378
292,44030,Santa Cruz,,regular,0,Candelária,SR393
293,45228,Santa Cruz,,regular,1,Bangu,SR393
294,24518,Internorte,,regular,0,Copacabana,456
295,26411,Internorte,,regular,1,Norte Shopping,456
296,29812,Intersul,,regular,0,Copacabana,SN474
297,21330,Internorte,,regular,1,Irajá,SN629
298,32940,Internorte,,regular,0,Saens Peña,SN639
299,34026,Internorte,,regular,1,Jardim América,SN639
300,37524,Internorte,,regular,1,Méier,SN696
301,18181,Santa Cruz,,regular,0,Cascadura,745
302,19077,Santa Cruz,,regular,1,Bangu,745
303,18752,Santa Cruz,,regular,0,Cascadura,746
304,19430,Santa Cruz,,regular,1,Jabour,746
305,39103,Santa Cruz,,regular,0,Metrô Coelho Neto,752
306,37211,Santa Cruz,,regular,1,Conjunto dos Palmares,752
307,49185,Santa Cruz,,regular,0,Metrô Coelho Neto,756
308,48600,Santa Cruz,,regular,1,Santa Cruz,756
309,47013,Santa Cruz,,regular,0,Metrô Coelho Neto,759
310,46302,Santa Cruz,,regular,1,Cesarão,759
311,40479,Santa Cruz,,regular,0,Terminal Deodoro,SP759
312,42145,Santa Cruz,,regular,1,Cesarão,SP759
313,14520,Santa Cruz,,regular,0,Terminal Deodoro,SP918
314,17252,Santa Cruz,,regular,1,Jardim Violeta,SP918
315,29043,Santa Cruz,,regular,1,Campo Grande,770
316,25362,Santa Cruz,,regular,1,Padre Miguel,SV777
317,36245,Santa Cruz,,regular,1,Campo Grande,SV790
318,21744,Santa Cruz,,regular,0,Taquara,801
319,25628,Santa Cruz,,regular,1,Bangu,801
320,13541,Santa Cruz,,regular,0,Terminal Sulacap,SP801
321,14512,Santa Cruz,,regular,1,Bangu,SP801
322,15239,Santa Cruz,,regular,1,Terminal Campo Grande,802
323,13060,Santa Cruz,,regular,0,Bangu,802
324,25551,Santa Cruz,,regular,1,Terminal Curral Falso,LECD109
325,7103,Santa Cruz,,regular,0,Santa Cruz,809
326,7786,Santa Cruz,,regular,1,Sagrado Coração,809
327,13419,Santa Cruz,,regular,0,Circular,822
328,22678,Santa Cruz,,regular,0,Jesuítas,825
329,21131,Santa Cruz,,regular,1,Campo Grande,825
330,3269,Transcarioca,,regular,0,Freguesia,829
331,12128,Santa Cruz,,regular,0,Campo Grande,833
332,12127,Santa Cruz,,regular,1,Conjunto Manguariba,833
333,9100,Santa Cruz,,regular,0,Terminal Campo Grande,835
334,9647,Santa Cruz,,regular,1,Largo do Correia,835
335,8520,Santa Cruz,,regular,0,Conjunto da Marinha,837
336,13747,Santa Cruz,,regular,1,Terminal Campo Grande,838
337,14404,Santa Cruz,,regular,0,Terminal Magarça,838
338,11936,Santa Cruz,,regular,0,Circular,843
339,6790,Transcarioca,,regular,0,Circular,844
340,6557,Santa Cruz,,regular,0,Terminal Campo Grande,845
341,7423,Santa Cruz,,regular,1,Cantagalo,845
342,7515,Santa Cruz,,regular,0,Terminal Campo Grande,SN846
343,7662,Santa Cruz,,regular,1,Rio da Prata,SN846
344,7011,Santa Cruz,,regular,0,Terminal Campo Grande,847
345,7188,Santa Cruz,,regular,1,Rio da Prata,847
346,17829,Santa Cruz,,regular,0,Campo Grande,849
347,18731,Santa Cruz,,regular,1,Base Aérea de Santa Cruz,849
348,9559,Santa Cruz,,regular,0,Campo Grande,850
349,8984,Santa Cruz,,regular,1,Mendanha,850
350,11648,Santa Cruz,,regular,0,Escola Amazonas,851
351,5905,Santa Cruz,,regular,1,Terminal Campo Grande,851
352,25698,Santa Cruz,,regular,0,Ilha de Guaratiba,854
353,23088,Santa Cruz,,regular,1,Terminal Campo Grande,854
354,19680,Transcarioca,,regular,0,Curicica,861
355,17630,Transcarioca,,regular,1,Rio das Pedras,861
356,11354,Santa Cruz,,regular,0,Terminal Campo Grande,864
357,11243,Santa Cruz,,regular,1,Bangu,864
358,7913,Transcarioca,,regular,0,Terminal Taquara,865
359,7956,Transcarioca,,regular,1,Pau da Fome,865
360,40779,Santa Cruz,,regular,0,Circular,866
361,18341,Santa Cruz,,regular,1,Terminal Campo Grande,SV866
362,29567,Santa Cruz,,regular,0,Terminal Campo Grande,SE867
363,30677,Santa Cruz,,regular,1,Barra de Guaratiba,SE867
364,6713,Santa Cruz,,regular,0,Campo Grande,869
365,9067,Santa Cruz,,regular,1,Santa Margarida,869
366,14292,Santa Cruz,,regular,0,Santa Cruz,870
367,13857,Santa Cruz,,regular,1,Sepetiba,870
368,18632,Santa Cruz,,regular,1,Terminal Pingo D'Água,871
369,13534,Transcarioca,,regular,0,Terminal Alvorada,880
370,10619,Transcarioca,,regular,1,Rio das Pedras,880
371,11073,Santa Cruz,,regular,0,Circular,892
372,12246,Santa Cruz,,regular,0,Campo Grande,SN893
373,14161,Santa Cruz,,regular,1,Jardim Palmares,SN893
374,13376,Santa Cruz,,regular,0,Campo Grande,895
375,12811,Santa Cruz,,regular,1,Serrinha,895
376,25950,Santa Cruz,,regular,1,Terminal Campo Grande,SN857
377,13172,Santa Cruz,,regular,0,Terminal Pingo D'Água,SN897
378,14318,Santa Cruz,,regular,1,Santa Cruz,SN897
379,30262,Santa Cruz,,regular,0,Campo Grande,SN898
380,32657,Santa Cruz,,regular,1,Sepetiba,SN898
381,16212,Internorte,,regular,0,Irajá,905
382,17446,Internorte,,regular,1,Bonsucesso,905
383,28958,Internorte,,regular,0,Caju,906
384,23593,Internorte,,regular,1,Jardim América,906
385,14704,Internorte,,regular,0,Terminal Fundão,913
386,9518,Internorte,,regular,1,Metrô Del Castilho,913
387,14932,Internorte,,regular,0,Aeroporto Internacional,915
388,14222,Internorte,,regular,1,Bonsucesso,915
389,26510,Internorte,,regular,0,Bonsucesso,917
390,23704,Internorte,,regular,1,Realengo,917
391,23924,Internorte,,regular,0,Maré,919
392,21820,Internorte,,regular,1,Pavuna,919
393,22304,Internorte,,regular,0,Bonsucesso,920
394,21540,Internorte,,regular,1,Pavuna,920
395,9618,Internorte,,regular,0,Terminal Fundão,922
396,10577,Internorte,,regular,1,Tubiacanga,922
397,17374,Internorte,,regular,0,Bancários,925
398,19502,Internorte,,regular,1,Aeroporto Internacional,925
399,5900,Transcarioca,,regular,0,Cidade de Deus,953
400,5305,Transcarioca,,regular,1,Terminal Tanque,953
401,26728,Internorte,,regular,0,Irajá,910
402,19071,Intersul,,regular,0,Caju,209
403,19135,Santa Cruz,,regular,0,Taquara,803
404,9386,Intersul,,regular,0,Terminal Gentileza,133
405,39596,Transcarioca,,regular,1,Riocentro,348
406,31278,Transcarioca,,regular,1,Terminal Alvorada,552
407,28024,Transcarioca,,regular,1,Terminal Tanque,SN565
408,24390,Internorte,,regular,0,Copacabana [via Praia do Flamengo],455
409,53058,Santa Cruz,,regular,0,Candelária,397
410,54197,Santa Cruz,,frescao,1,Campo Grande,2336
411,27890,Internorte,,frescao,1,Bananal,2342
412,18529,Santa Cruz,,regular,1,Padre Miguel,791
413,15211,MOBI-Rio,,brt,0,Manacéia-Madureira,42
414,13758,Transcarioca,,regular,0,Madureira,SP766
415,26151,Transcarioca,,regular,1,Terminal Tanque,SN878
416,24381,Intersul,,regular,0,Circular,584
417,19669,Transcarioca,,regular,0,Curicica,SN861
418,35315,Transcarioca,,regular,0,Terminal Alvorada,302
419,16436,MOBI-Rio,,brt,1,Campo Grande,17
420,20658,Transcarioca,,regular,1,Terminal Taquara,SP810
421,34984,Internorte,,regular,0,Castelo,362
422,13032,Santa Cruz,,regular,0,Circular,SN821
423,3951,Intersul,,regular,0,Saens Peña,603
424,22455,Santa Cruz,,regular,1,Capoeira Grande,856
425,10621,Transcarioca,,regular,0,Terminal Alvorada,SV863
426,32927,Internorte,,regular,0,Saens Peña,639
427,12454,Intersul,,regular,0,Metrô Jardim de Alah,585
428,28829,MOBI-Rio,,brt,1,Penha,46
429,24741,Santa Cruz,,regular,0,Terminal Campo Grande,884
430,37325,Internorte,,regular,1,Bananal,SN328
431,7503,Santa Cruz,,regular,0,Terminal Campo Grande,846
432,35397,Intersul,,frescao,0,Aeroporto Internacional,2024
433,17000,Transcarioca,,regular,1,Madureira,766
434,39327,Internorte,,regular,0,Candelária,386
435,29207,Transcarioca,,regular,0,Circular,987
436,30297,Internorte,,regular,0,General Osório,483
437,31862,Internorte,,regular,1,Bancários,492
438,18490,Santa Cruz,,regular,0,Santa Cruz,SN885
439,27098,Internorte,,regular,1,Ribeira,327
440,42918,Internorte,,regular,1,Mariópolis,SV624
441,34718,Internorte,,regular,1,Bananal,635
442,24985,Santa Cruz,,regular,1,Campo Grande,796
443,23983,Transcarioca,,regular,0,Metrô Del Castilho,SPA613
444,8863,Intersul,,regular,0,Castelo,202
445,35252,Santa Cruz,,regular,1,Campo Grande,790
446,11796,Internorte,,regular,1,Vila Cruzeiro,721
447,11270,Intersul,,regular,0,Central,SN007
448,32689,Internorte,,regular,1,Penha [via P. Flamengo/P. Vargas],483
449,14722,MOBI-Rio,,frescao,1,Galeão,ESP01
450,21683,Santa Cruz,,regular,1,Jabour,803
451,19136,Santa Cruz,,regular,0,Taquara,SN803
452,34026,Internorte,,regular,0,Saens Peña,SVB665
453,25980,Intersul,,regular,1,Grajaú,435
454,32117,Transcarioca,,regular,1,Gardênia Azul,353
455,57585,Transcarioca,,regular,0,Rio Sul,554
456,29964,Santa Cruz,,regular,0,Marechal Hermes,731
457,18121,Transcarioca,,regular,0,Freguesia,766
458,31094,Internorte,,regular,1,Penha,483
459,21696,Santa Cruz,,regular,0,Campo Grande,840
460,30116,Internorte,,regular,0,Saens Peña,SN629
461,23863,MOBI-Rio,,brt,1,Terminal Aroldo Melodia,43
462,30967,Transcarioca,,regular,0,Copacabana,557
463,28415,Santa Cruz,,regular,1,Campo Grande,731
464,41064,Internorte,,regular,0,Passeio,SR384
465,36040,Santa Cruz,,regular,0,Terminal Deodoro,SV853
466,32375,Internorte,,regular,0,Penha [via P. do Flamengo],SV483
467,50481,Santa Cruz,,regular,1,Terminal Campo Grande,397
468,15708,Intersul,,regular,0,Leme,539
469,25606,Intersul,,regular,1,Grajaú [reversível],435
470,29599,Transcarioca,,regular,1,Santa Maria,601
471,35952,Transcarioca,,regular,0,Central,309
472,10745,Santa Cruz,,regular,1,Pedregoso,830
473,6286,MOBI-Rio,,brt,1,Terminal Alvorada,22
474,29087,Internorte,,frescao,1,Jardim América,2305
475,23996,MOBI-Rio,,brt,0,Terminal Recreio,51
476,16566,Intersul,,regular,1,Terminal Gentileza,167
477,25582,Intersul,,regular,1,São Conrado [reversível],104
478,26896,Internorte,,regular,0,Méier,SV669
479,21239,Transcarioca,,regular,0,Barra da Tijuca,SV878
480,14186,Intersul,,regular,1,Candelária,209
481,20856,Santa Cruz,,regular,0,Terminal Pingo D'Água,SV866
482,23378,Internorte,,regular,1,Irajá,SVB685
483,16174,Intersul,,regular,1,Terminal Gentileza,110
484,33625,Internorte,,regular,0,Candelária,SN328
485,15445,Intersul,,regular,0,Circular,518
486,15261,Transcarioca,,regular,0,Downtown,900
487,22566,Santa Cruz,,regular,0,Terminal Deodoro,765
488,19075,Internorte,,regular,0,Candelária,312
489,30659,Transcarioca,,regular,0,Candelária,338
490,11040,Transcarioca,,regular,0,Passarela da Barra,SP805
491,31616,Santa Cruz,,regular,1,Senador Camará,926
492,36245,Santa Cruz,,regular,1,Campo Grande,SV790
493,26528,Internorte,,frescao,1,Ribeira,2343
494,22324,Internorte,,regular,1,Pavuna,687
495,23980,MOBI-Rio,,brt,1,Campo Grande,67
496,39786,Santa Cruz,,regular,1,Padre Miguel,SV391
497,8415,Intersul,,regular,0,Central,007
498,21654,Internorte,,regular,0,Terminal Madureira,SV779
499,39468,MOBI-Rio,,brt,0,Terminal Alvorada,10
500,25214,MOBI-Rio,,brt,0,Terminal Gentileza,61
501,25200,MOBI-Rio,,brt,1,Terminal Deodoro,60
502,22823,Internorte,,regular,0,Largo do Machado,SN497
503,22082,Internorte,,regular,0,Méier,SN685
504,27142,Transcarioca,,regular,1,Ramos (Praia),940
505,42191,Santa Cruz,,regular,0,Tiradentes,379
506,32281,Santa Cruz,,regular,1,Barra de Guaratiba,867
507,39241,Internorte,,regular,1,Pavuna,384
508,18435,Intersul,,regular,0,Terminal Gentileza,108
509,39437,MOBI-Rio,,brt,0,Terminal Alvorada,11
510,78438,Santa Cruz,,frescao,0,Carioca,2383
511,21588,Internorte,,regular,0,Candelária,254
512,39453,Internorte,,regular,0,Passeio,SR399
513,24949,Transcarioca,,regular,0,Saens Peña,636
514,13255,Transcarioca,,regular,0,Amarelinho,709
515,28518,Internorte,,regular,1,Pavuna,665
516,39796,Internorte,,regular,0,Passeio,SN399
517,17598,Santa Cruz,,regular,1,Terminal Mato Alto,885
518,50182,Santa Cruz,,regular,1,Bangu,SN393
519,11020,Santa Cruz,,regular,0,Terminal Sulacap,SP803
520,9518,Internorte,,regular,1,Metrô Del Castilho,616
521,31606,Internorte,,regular,0,Saens Peña,SVA665
522,24856,Internorte,,regular,0,Bonsucesso,908
523,51691,Santa Cruz,,frescao,1,Campo Grande,2339
524,30388,MOBI-Rio,,brt,1,Santa Cruz,20
525,23383,Internorte,,regular,0,Saens Peña,622
526,21824,Transcarioca,,regular,1,Metrô Del Castilho,614
527,22218,Transcarioca,,regular,0,Recreio dos Bandeirantes,SN954
528,26269,Transcarioca,,regular,0,Terminal Alvorada,693
529,40997,Santa Cruz,,regular,1,Vila Kennedy,394
530,33205,Santa Cruz,,regular,0,Praça da República,SN383
531,30262,Santa Cruz,,regular,0,Campo Grande,898
532,72033,Santa Cruz,,frescao,1,Campo Grande,2334
533,23383,Internorte,,regular,1,Irajá,685
534,45319,Santa Cruz,,regular,1,Bangu,393
535,26311,Intersul,,regular,1,São Conrado,104
536,11948,Intersul,,regular,1,Terminal Gentileza,163
537,19556,Transcarioca,,regular,1,Rio das Pedras,863
538,15433,Intersul,,regular,0,Central,100
539,61131,Santa Cruz,,frescao,0,Carioca,2308
540,27871,Transcarioca,,regular,0,Candelária,341
541,43479,Transcarioca,,regular,0,Rio Sul,553
542,8427,Intersul,,regular,0,Castelo,006
543,13502,Santa Cruz,,regular,0,Terminal Deodoro,764
544,11277,Intersul,,regular,0,Carioca,217
545,18906,Internorte,,regular,1,Penha (IAPI),630
546,21584,Intersul,,regular,0,Copacabana,474
547,35210,Santa Cruz,,regular,1,Terminal Magarça,855
548,55250,Santa Cruz,,frescao,1,Vila Kennedy,2803
549,20916,Intersul,,regular,0,Cosme Velho,SN422
550,36932,Transcarioca,,regular,0,Metrô Del Castilho,613
551,20545,Santa Cruz,,regular,1,Campo Grande,SN825
552,21696,Santa Cruz,,regular,0,Campo Grande,SN840
553,28029,Internorte,,regular,0,Candelária,328
554,22757,Transcarioca,,regular,0,Terminal Alvorada,614
555,25396,Internorte,,regular,0,Bonsucesso,SV917
556,4581,Intersul,,regular,1,Urca,513
557,18482,Santa Cruz,,regular,0,Santa Cruz,885
558,28537,Internorte,,regular,0,Praça Tiradentes,SN355
559,20806,Internorte,,regular,0,Castelo,292
560,29898,Santa Cruz,,regular,0,Metrô Coelho Neto,770
561,69847,Santa Cruz,,regular,1,Cesarão,388
562,79160,Santa Cruz,,frescao,0,Castelo,2337
563,75089,Santa Cruz,,frescao,0,Castelo,2335
564,10620,Transcarioca,,regular,0,Terminal Alvorada,863
565,23873,Transcarioca,,regular,1,Méier,693
566,19136,MOBI-Rio,,brt,0,Terminal Alvorada,53
567,9382,Intersul,,regular,0,Terminal Gentileza,SN133
568,35322,Transcarioca,,regular,0,Terminal Alvorada,SN302
569,19390,MOBI-Rio,,brt,1,Terminal Sulacap,53
570,18905,Intersul,,regular,0,Horto,409
571,23960,MOBI-Rio,,brt,0,Terminal Alvorada,31
572,31682,MOBI-Rio,,brt,1,Pingo D'Água,12
573,7287,Intersul,,regular,0,Largo do Machado,507
574,21851,Internorte,,regular,1,Metrô Pavuna,LECD108
575,16640,Internorte,,regular,0,Terminal Fundão,SV922
576,69063,Santa Cruz,,frescao,1,Urucânia,2309
577,29833,Internorte,,regular,0,Castelo,296
578,28537,Internorte,,regular,0,Praça Tiradentes,355
579,31846,Internorte,,regular,1,Pavuna,SVB665
580,23732,Internorte,,regular,1,Circular da Penha,498
581,21672,Santa Cruz,,regular,1,Jabour,SN803
582,12667,Internorte,,regular,0,Cascadura,778
583,11122,MOBI-Rio,,brt,0,Terminal Gentileza,80
584,12466,Transcarioca,,regular,1,Cascadura,709
585,33710,Intersul,,frescao,1,Leblon,2024
586,33057,Santa Cruz,,regular,0,Marechal Hermes,SN731
587,21138,Internorte,,regular,1,Terminal Fundão,SP635
588,6286,MOBI-Rio,,brt,1,Terminal Alvorada,22
589,11618,MOBI-Rio,,brt,1,Penha,80
590,30884,Santa Cruz,,regular,0,Terminal Campo Grande,SN867
591,30303,Transcarioca,,regular,1,Terminal Alvorada [reversível],552
592,14733,Intersul,,regular,1,Metrô General Osório,100
593,24961,Transcarioca,,regular,0,Saens Peña,SN636
594,42832,Internorte,,regular,0,Praça da República,SN624
595,25008,Internorte,,regular,0,Copacabana,455
596,10898,Santa Cruz,,regular,0,Cabuçu de Baixo,834
597,26611,Internorte,,regular,1,Méier [via Praia do Flamengo],455
598,26583,Intersul,,regular,0,Circular,161
599,32479,Santa Cruz,,regular,0,Cascadura,737
600,28245,Transcarioca,,regular,1,Cidade de Deus,SN550
601,37095,Santa Cruz,,regular,1,Campo Grande,SN790
602,25445,Transcarioca,,regular,0,Candelária,SV363
603,11299,Santa Cruz,,regular,0,Campo Grande,830
604,33508,Internorte,,regular,1,Bancários [via P. do Flamengo],492
605,18200,Intersul,,regular,1,Vila Isabel,439
606,31549,Internorte,,regular,1,Penha,SN483
607,17464,Transcarioca,,regular,0,Jardim América,774
608,21072,Santa Cruz,,regular,0,Terminal Campo Grande,856
609,19421,Internorte,,regular,0,Saens Peña,625
610,25104,MOBI-Rio,,brt,1,Terminal Deodoro,52
611,38692,MOBI-Rio,,brt,1,Santa Cruz,11
612,25158,MOBI-Rio,,brt,0,Terminal Gentileza,60
613,69582,Santa Cruz,,regular,0,Candelária,SR388
614,28467,Transcarioca,,regular,1,Riocentro,611
615,30893,Santa Cruz,,regular,0,Terminal Campo Grande,867
616,31816,Internorte,,regular,0,Prado Júnior [via P. do Flamengo],492
617,18123,Internorte,,regular,1,Grotão,679
618,74735,Santa Cruz,,frescao,1,Terminal Campo Grande,2338
619,23786,Internorte,,regular,0,Saens Peña,638
620,52196,Santa Cruz,,frescao,0,Castelo,2339
621,39931,Internorte,,regular,0,Passeio,385
622,28223,Transcarioca,,regular,1,Cidade de Deus,550
623,6177,MOBI-Rio,,brt,0,Jardim Oceânico,22
624,22022,Intersul,,regular,0,Jardim de Alah,426
625,15669,MOBI-Rio,,brt,0,Santa Cruz,17
626,59778,Santa Cruz,,frescao,1,Cosmos,2308
627,32266,Santa Cruz,,regular,0,Cascadura,790
628,14005,Internorte,,regular,1,Pavuna,778
629,19093,Internorte,,regular,1,Metrô Pavuna,SV779
630,2669,Transcarioca,,regular,1,Covanca,859
631,25042,Internorte,,regular,0,Bananal,901
632,54359,Santa Cruz,,regular,0,Candelária,SN397
633,15467,Intersul,,regular,1,Saens Peña,416
634,40032,Transcarioca,,regular,1,Jardim Oceânico,343
635,42927,Santa Cruz,,regular,0,Terminal Deodoro,754
636,56827,Santa Cruz,,frescao,0,Barra da Tijuca,2804
637,29669,Transcarioca,,frescao,1,Vila Valqueire,2345
638,44594,Santa Cruz,,regular,0,Tiradentes,395
639,7954,Transcarioca,,regular,0,Praça Seca,SP783
640,22744,Internorte,,regular,0,Méier,SVB685
641,40988,Transcarioca,,regular,1,Recreio dos Bandeirantes [via Barata Ribeiro],553
642,17142,Internorte,,regular,1,Água Santa,249
643,15268,Internorte,,regular,1,Terminal Deodoro,653
644,26537,Transcarioca,,regular,0,Rocinha,SPA550
645,21394,Intersul,,regular,0,Caju,SN209
646,24539,Intersul,,regular,0,Leblon,SN415
647,2921,Transcarioca,,regular,0,Geremário Dantas,859
648,14907,Santa Cruz,,regular,0,Terminal Mato Alto,872
649,33651,Internorte,,regular,1,Irajá,296
650,23352,Intersul,,regular,1,Vila Isabel,432
651,32061,MOBI-Rio,,brt,0,Terminal Alvorada,12
652,22763,Santa Cruz,,regular,0,Jesuítas,SN825
653,27457,Transcarioca,,frescao,1,Gardênia Azul,2110
654,28065,Intersul,,regular,0,Terminal Gentileza,SN104
655,27461,Santa Cruz,,regular,0,Terminal Pingo D'Água,857
656,9091,Santa Cruz,,regular,1,Paciência,897
657,12642,Internorte,,regular,0,Terminal Fundão,SPB326
658,27199,Internorte,,regular,1,Ribeira,324
659,14355,Transcarioca,,regular,1,Madureira,SV774
660,38824,Transcarioca,,regular,0,Terminal Gentileza,SN309
661,25375,MOBI-Rio,,brt,0,Terminal Alvorada,25
662,10405,Santa Cruz,,regular,1,Rio da Prata,836
663,38895,Transcarioca,,regular,1,Terminal Alvorada,SN309
664,21539,Intersul,,regular,1,São Conrado,109
665,15972,Internorte,,regular,1,Pavuna,793
666,25410,Internorte,,regular,0,Castelo,350
667,10233,Intersul,,regular,1,Usina,229
668,29669,Transcarioca,,regular,0,Terminal Alvorada,SV692
669,23039,Santa Cruz,,regular,1,Terminal Campo Grande,788
670,73025,Santa Cruz,,frescao,1,Campo Grande,2334
671,57741,Santa Cruz,,frescao,0,Barra da Tijuca,2803
672,22804,Internorte,,regular,0,Largo do Machado,497
673,39199,Santa Cruz,,regular,0,Praça da República,SV391
674,58821,Santa Cruz,,regular,1,Sepetiba,757
675,24397,Intersul,,regular,1,Jacaré,474
676,36364,Santa Cruz,,regular,1,Terminal Mato Alto,853
677,14065,MOBI-Rio,,frescao,0,Terminal Gentileza,ESP01
678,26090,Internorte,,regular,1,Bancários,321
679,4802,Santa Cruz,,regular,0,Terminal Campo Grande,SN848
680,26124,Internorte,,regular,0,Bonsucesso,SV908
681,23432,Internorte,,regular,1,Penha,623
682,27897,Transcarioca,,regular,1,Taquara,600
683,22238,Intersul,,regular,1,Triagem,472
684,31737,Internorte,,regular,1,Marechal Hermes,SN265
685,33057,Internorte,,regular,1,Fundão,485
686,30600,Internorte,,regular,0,General Osório [via P. Vargas],483
687,76959,Santa Cruz,,frescao,1,Santa Cruz,2335
688,9311,Intersul,,regular,0,Santo Cristo,013
689,22939,Intersul,,regular,1,Saens Peña,410
690,11618,MOBI-Rio,,brt,1,Penha,80
691,16101,Internorte,,regular,1,Inhaúma,627
692,16579,Internorte,,regular,0,Saens Peña,627
693,31590,Transcarioca,,frescao,0,Castelo,2111
694,18611,Internorte,,regular,0,Terminal Madureira,779
695,33364,Transcarioca,,regular,1,Taquara,338
696,26872,Internorte,,frescao,0,Castelo,2343
697,30741,MOBI-Rio,,brt,0,Salvador Allende,20
698,21486,MOBI-Rio,,brt,0,Jardim Oceânico,18
699,26571,MOBI-Rio,,brt,1,Galeão,42
700,13023,Intersul,,regular,0,Horto,416
701,32757,Transcarioca,,regular,0,Candelária,380
702,33133,Internorte,,regular,0,Saens Peña,635
703,23034,Transcarioca,,regular,0,Circular,651
704,52886,Transcarioca,,regular,1,Piabas,554
705,15207,Transcarioca,,regular,0,Barra da Tijuca,862
706,24658,Intersul,,regular,0,Leblon [via Praia do Flamengo],415
707,30165,Transcarioca,,regular,0,Gávea,SN565
708,27861,Transcarioca,,regular,1,Taquara,SN600
709,22359,Transcarioca,,regular,0,Gávea,555
710,19946,Internorte,,regular,0,Castelo,239
711,13521,Transcarioca,,regular,0,Terminal Alvorada,SN880
712,7786,Santa Cruz,,regular,1,Sagrado Coração,809
713,21239,Transcarioca,,regular,0,Barra da Tijuca,SV878
714,25032,MOBI-Rio,,brt,1,Mato Alto,13
715,23956,Internorte,,regular,0,Maré,SN919
716,33768,Transcarioca,,regular,1,Vargem Grande,613
717,26452,Internorte,,regular,1,Bancários,326
718,15610,MOBI-Rio,,brt,1,Vigário Geral - Praça Dois,71
719,25143,MOBI-Rio,,brt,0,Terminal Alvorada,13
720,17603,Santa Cruz,,regular,1,Terminal Mato Alto,SN885
721,14384,Santa Cruz,,regular,1,Jesuítas,807
722,33578,Santa Cruz,,regular,0,Cascadura,SN790
723,36608,Santa Cruz,,regular,1,Terminal Mato Alto,SV853
724,23089,Santa Cruz,,regular,0,Terminal Deodoro,798
725,31465,Internorte,,regular,1,Pavuna,945
726,31581,Transcarioca,,regular,0,Castelo,306
727,28043,Internorte,,regular,0,General Osório,484
728,10778,Intersul,,regular,0,Candelária,220
729,24016,Transcarioca,,regular,1,Terminal Taquara,881
730,37024,Transcarioca,,regular,0,Copacabana [reversível],558
731,25729,Transcarioca,,regular,0,Praça da República,371
732,35535,Transcarioca,,regular,0,Rio Sul,SP553
733,12090,Internorte,,regular,1,Ribeira,SP324
734,22385,Santa Cruz,,regular,0,Madureira,SV777
735,57649,Transcarioca,,regular,0,Rio Sul,SN554
736,20924,Internorte,,regular,1,Penha,SN497
737,20913,Intersul,,regular,0,Cosme Velho,422
738,19784,MOBI-Rio,,brt,1,Terminal Paulo da Portela,35
739,35972,Internorte,,regular,0,Castelo,378
740,16040,Transcarioca,,regular,1,Madureira,774
741,6177,MOBI-Rio,,brt,0,Jardim Oceânico,22
742,14107,Santa Cruz,,regular,1,Catiri,764
743,12533,Intersul,,regular,0,Urca,107
744,25153,MOBI-Rio,,brt,1,Terminal Deodoro,61
745,36370,Transcarioca,,regular,0,Candelária,352
746,24750,Intersul,,regular,0,Gávea,435
747,18607,Internorte,,regular,1,Méier,688
748,51907,Transcarioca,,regular,1,Piabas [reversível],554
749,18803,Intersul,,regular,0,Siqueira Campos,SN433
750,19620,Intersul,,regular,1,Meier,275
751,25618,Intersul,,regular,1,Jacaré,SV474
752,33651,Internorte,,regular,1,Irajá,296
753,52707,Santa Cruz,,regular,0,Candelária,SR397
754,29072,Internorte,,regular,1,Pavuna,669
755,27724,Intersul,,regular,1,Usina [via Praia do Flamengo],415
756,13173,Intersul,,regular,0,Alto Gávea,SV112
757,42006,Transcarioca,,regular,0,Candelária,343
758,13348,Internorte,,regular,0,Terminal Fundão,SP324
759,31659,Internorte,,frescao,0,Castelo,2305
760,18013,Transcarioca,,regular,0,Jardim América,SV774
761,36322,Internorte,,regular,1,Pavuna,SN399
762,23464,MOBI-Rio,,brt,0,Salvador Allende,19
763,13523,Transcarioca,,regular,1,Tijuquinha,SPB550
764,41852,Intersul,,regular,0,São Conrado,181
765,31493,Internorte,,regular,0,Castelo,349
766,70220,Santa Cruz,,frescao,1,Cesarão,2303
767,6373,Intersul,,regular,0,Cosme Velho,117
768,16011,Intersul,,regular,0,Leme,538
769,34103,Internorte,,regular,1,Honório Gurgel,SR362
770,78730,Santa Cruz,,frescao,1,Sepetiba,2383
771,39437,MOBI-Rio,,brt,0,Terminal Alvorada,11
772,24549,Santa Cruz,,regular,0,Cascadura,SN794
773,27674,Internorte,,regular,1,Irajá,350
774,30164,Transcarioca,,regular,0,Gávea,565
775,21271,Transcarioca,,regular,1,Cascadura,785
776,14667,Internorte,,regular,0,Saens Peña,621
777,19319,Internorte,,regular,1,Bonsucesso,SVB901
778,26884,Internorte,,regular,1,Ribeira,325
779,47289,Santa Cruz,,regular,1,Campo Grande,936
780,20090,Transcarioca,,regular,0,Cidade de Deus,691
781,19418,Internorte,,regular,0,Méier,687
782,29833,Internorte,,regular,0,Castelo,296
783,41409,Internorte,,regular,0,Passeio,384
784,30354,Transcarioca,,regular,0,Gávea,550
785,26243,Internorte,,regular,0,General Osório,SPB483
786,24135,Intersul,,regular,0,Copacabana,440
787,21372,Santa Cruz,,regular,0,Cascadura,794
788,16170,Internorte,,regular,0,Méier,679
789,5876,Intersul,,regular,1,Paula Matos,014
790,54898,Santa Cruz,,frescao,1,Bangu,2804
791,11447,Intersul,,regular,0,Candelária,210
792,60324,Santa Cruz,,regular,0,Metrô Coelho Neto,757
793,35989,Transcarioca,,regular,1,Terminal Alvorada,309
794,30022,Internorte,,regular,1,Pavuna,SVA665
795,27330,Internorte,,regular,0,Candelária,324
796,16075,Intersul,,regular,0,Central [via Praia do Flamengo],100
797,22316,Internorte,,regular,0,Castelo,238
798,30115,Internorte,,regular,0,Saens Pena,629
799,34656,MOBI-Rio,,brt,0,Terminal Alvorada,38
800,11122,MOBI-Rio,,brt,0,Terminal Gentileza,80
801,15373,MOBI-Rio,,brt,0,Terminal Gentileza,71
802,14702,Internorte,,regular,0,Terminal Fundão,616
803,9019,Transcarioca,,regular,0,Madureira,702
804,20255,Transcarioca,,regular,0,Terminal Alvorada,881
805,8481,Internorte,,regular,1,Bancários,SV921
806,7698,Internorte,,regular,0,Ribeira,921
807,24302,Transcarioca,,regular,0,Madureira,940
808,23202,Santa Cruz,,regular,0,Terminal Deodoro,796
809,67811,Santa Cruz,,frescao,0,Carioca,2309
810,32000,Transcarioca,,regular,0,Rio Sul,552
811,38991,Internorte,,regular,0,Candelária,SR386
812,29408,Internorte,,regular,1,Fundão,486
813,35961,MOBI-Rio,,brt,1,Terminal Curral Falso,15
814,21237,Internorte,,regular,0,Largo do Machado,498
815,74599,Santa Cruz,,frescao,1,Pedra de Guaratiba,2381
816,24848,Intersul,,regular,0,Copacabana,SV474
817,28802,Santa Cruz,,regular,1,Campo Grande,771
818,20612,Transcarioca,,regular,0,Rio Comprido,607
819,7635,Transcarioca,,regular,0,Terminal Taquara,SV831
820,20811,Internorte,,regular,1,Penha (Grotão),313
821,24073,Internorte,,regular,0,Bonsucesso,928
822,28234,Transcarioca,,regular,1,Praça Seca,371
823,40825,Transcarioca,,regular,1,Riocentro,SN368
824,29029,MOBI-Rio,,brt,0,Terminal Alvorada,16
825,56245,Santa Cruz,,regular,1,Terminal Campo Grande,SN397
826,24349,Santa Cruz,,regular,0,Terminal Deodoro,788
827,30669,Transcarioca,,frescao,0,Castelo,2112
828,29572,Santa Cruz,,regular,0,Coelho Neto,771
829,21679,Internorte,,regular,0,General Osório,SPA483
830,40709,Internorte,,regular,0,Passeio,SV384
831,19643,MOBI-Rio,,brt,1,Terminal Paulo da Portela,41
832,20187,Internorte,,regular,1,Olaria,625
833,27748,Transcarioca,,regular,1,Vila Valqueire,SV363
834,27288,Transcarioca,,regular,0,Pontal,SN810
835,19725,MOBI-Rio,,brt,1,Terminal Paulo da Portela,40
836,34269,Internorte,,regular,0,Saens Peña,665
837,37642,Transcarioca,,regular,0,Candelária,SN368
838,33322,Santa Cruz,,regular,0,Cascadura,SV790
839,24157,MOBI-Rio,,brt,1,Terminal Deodoro,51
840,17115,Intersul,,regular,0,Central,105
841,16400,Internorte,,regular,0,Terminal Sulacap,793
842,19732,Internorte,,regular,0,Praça Tiradentes,313
843,22590,MOBI-Rio,,brt,0,Terminal Recreio,51
844,38261,Internorte,,regular,1,Anchieta,SR386
845,46296,MOBI-Rio,,brt,1,Terminal Aroldo Melodia,38
846,17693,Internorte,,regular,1,Metrô Pavuna,SN779
847,25889,Transcarioca,,regular,0,Circular,652
848,22901,Internorte,,regular,0,Pavuna,688
849,75823,Santa Cruz,,frescao,1,Terminal Campo Grande,2338
850,45922,Santa Cruz,,regular,0,Candelária,389
851,8774,Santa Cruz,,regular,0,Bangu,819
852,8060,Intersul,,regular,0,Cosme Velho,165
853,11717,Santa Cruz,,regular,1,Paciência,842
854,2709,Intersul,,regular,1,Saens Peña,626
855,7325,Internorte,,regular,0,Nova América,628
856,28077,Intersul,,regular,0,Terminal Gentileza,104
857,9209,Transcarioca,,regular,1,Marechal Hermes,SP783
858,5132,Internorte,,regular,1,Metrô Vicente de Carvalho,950
859,16851,MOBI-Rio,,brt,0,Curral Falso,28
860,40450,Santa Cruz,,regular,0,Candelária,369
861,16982,Santa Cruz,,regular,0,Cesarão,871
862,27689,Internorte,,regular,1,Abolição,457
863,75677,Santa Cruz,,frescao,0,Castelo,2335
864,35448,Transcarioca,,regular,1,Terminal Gentileza,302
865,24825,Internorte,,regular,1,Penha,621
866,13077,Santa Cruz,,regular,0,Campo Grande,868
867,8114,Internorte,,regular,0,Vista Alegre,950
868,21549,Internorte,,regular,1,Penha,SN312
869,10554,Intersul,,regular,1,Usina,220
870,33345,Transcarioca,,regular,1,Vila Valqueire,SN363
871,13359,Intersul,,regular,0,São Conrado,448
872,31743,Internorte,,regular,1,Marechal Hermes,265
873,36281,MOBI-Rio,,brt,0,Terminal Alvorada,15
874,17974,Transcarioca,,regular,1,Méier,691
875,33955,Santa Cruz,,regular,0,Terminal Deodoro,855
876,9196,Intersul,,regular,1,Silvestre,007
877,16312,Transcarioca,,regular,1,Metrô Del Castilho,610
878,24026,Intersul,,regular,1,Usina,426
879,19889,Transcarioca,,regular,0,Vargem Grande,SP810
880,20926,Internorte,,regular,1,Penha,497
881,11902,Transcarioca,,regular,1,Terminal Deodoro,783
882,39842,Internorte,,regular,1,Pavuna,SV384
883,8262,Internorte,,regular,1,Bancários,921
884,29292,Transcarioca,,regular,1,Vila Valqueire,363
885,4658,Intersul,,regular,0,Metrô Saens Peña,608
886,24307,Internorte,,regular,0,Candelária,277
887,35557,Internorte,,regular,0,Praça da Bandeira,624
888,4822,Intersul,,regular,1,Usina,603
889,16639,Intersul,,regular,1,Jardim de Alah,108
890,10755,Intersul,,regular,1,Caju,210
891,10589,Transcarioca,,regular,0,Tanque,932
892,30398,Internorte,,regular,0,General Osório,SN483
893,74060,Santa Cruz,,frescao,0,Castelo,2381
894,28670,Internorte,,regular,1,Pavuna,SV669
895,8657,Intersul,,regular,1,Terminal Gentileza,165
896,32426,MOBI-Rio,,brt,0,Terminal Recreio,14
897,19056,Transcarioca,,regular,0,Central,SP309
898,24302,Transcarioca,,regular,0,Madureira,940
899,33679,Internorte,,regular,0,Castelo,298
900,18403,Intersul,,regular,1,Vila Isabel,SN433
901,32151,Internorte,,regular,0,Prado Júnior,492
902,22078,Internorte,,regular,0,Méier,685
903,7103,Santa Cruz,,regular,0,Santa Cruz,809
904,28973,Santa Cruz,,regular,0,Terminal Pingo D'Água,SN857
905,24648,Intersul,,regular,0,Gávea,432
906,5636,Intersul,,regular,1,Grajaú,608
907,11291,Internorte,,regular,1,Bancários,SPB326
908,26578,Internorte,,regular,0,Candelária,326
909,30324,Transcarioca,,regular,0,Gávea,SN550
910,21327,Internorte,,regular,1,Irajá,629
911,21271,Transcarioca,,regular,1,Cascadura,785
912,23052,Intersul,,regular,1,Metrô Botafogo,548
913,41199,Santa Cruz,,regular,0,Tiradentes,394
914,5431,Intersul,,regular,0,Castelo,014
915,21239,Transcarioca,,regular,0,Barra da Tijuca,SN878
916,28669,Internorte,,regular,1,Jardim América,342
917,26148,Transcarioca,,regular,1,Terminal Tanque,SV878
918,35426,Transcarioca,,regular,1,Terminal Gentileza,SN302
919,17630,Transcarioca,,regular,1,Rio das Pedras,SN861
920,23364,Intersul,,regular,0,Leblon,443
921,26148,Transcarioca,,regular,1,Terminal Tanque,SV878
922,44824,Santa Cruz,,regular,0,Candelária,SN393
923,18696,Internorte,,regular,1,Tubiacanga,SV922
924,28031,Internorte,,regular,0,Castelo,327
925,9487,Internorte,,regular,1,Penha,628
926,17472,Internorte,,regular,0,Terminal Sulacap,LECD108
927,23955,Santa Cruz,,regular,0,Campo Grande,LECD109
928,30361,Internorte,,regular,1,Abolição,SN457
929,27033,Transcarioca,,regular,1,Méier,SV692
930,11247,Intersul,,regular,0,Copacabana [reversível],163
931,37792,Internorte,,regular,1,Pavuna,SR399
932,38617,MOBI-Rio,,brt,1,Santa Cruz,10
933,19189,Internorte,,regular,1,Olaria,312
934,26735,Internorte,,regular,0,Candelária,329
935,26071,Santa Cruz,,regular,1,Barra de Guaratiba,SV899
936,28895,Transcarioca,,regular,0,Saens Peña,600
937,52085,Santa Cruz,,regular,0,Cidade Universitária,936
938,41245,Transcarioca,,regular,1,Recreio dos Bandeirantes,553
939,42711,Transcarioca,,regular,0,Rio Sul [via Visconde de Pirajá],553
940,23578,Transcarioca,,regular,1,Merck,SN636
941,32402,Internorte,,regular,0,Castelo,342
942,24854,Internorte,,regular,0,Bonsucesso,SN908
943,35888,Internorte,,regular,1,Ribeira,SN324
944,4820,Intersul,,regular,0,Botafogo,513
945,29082,Transcarioca,,regular,1,Praça Seca,306
946,22779,Santa Cruz,,regular,0,Circular,741
947,38306,Internorte,,regular,1,Anchieta,386
948,22032,Internorte,,regular,0,Candelária,311
949,29106,Internorte,,regular,1,Madureira,355
950,33478,Transcarioca,,frescao,1,Taquara,2112
951,21257,Internorte,,regular,0,Terminal Madureira,SN779
952,8051,Intersul,,regular,1,Paula Matos,013
953,23902,Transcarioca,,frescao,0,Castelo,2114
954,32103,Transcarioca,,regular,1,Gardênia Azul,SN353
955,11369,Transcarioca,,regular,1,Terminal Alvorada,805
956,26417,Internorte,,regular,1,Bonsucesso,901
957,18225,Internorte,,regular,0,Carioca,249
958,4795,Santa Cruz,,regular,1,Monte Santo,SN848
959,10862,Santa Cruz,,regular,1,Carobinha,826
960,22083,Santa Cruz,,regular,1,São Fernando,SN840
961,9981,MOBI-Rio,,brt,0,Terminal Gentileza,90
962,20343,Santa Cruz,,regular,0,Taquara,SV803
963,9695,Internorte,,regular,0,Ribeira,SV921
964,32927,Internorte,,regular,0,Candelária,SN324
965,52886,Transcarioca,,regular,1,Piabas,SN554
966,74352,Santa Cruz,,frescao,0,Castelo,2334
967,25233,Internorte,,frescao,0,Castelo,2344
968,26453,Transcarioca,,regular,0,Candelária,363
969,32027,Transcarioca,,regular,0,Terminal Gentileza,353
970,23511,MOBI-Rio,,brt,0,Terminal Deodoro,67
971,24749,Santa Cruz,,regular,0,Terminal Campo Grande,SN884
972,21971,Internorte,,regular,1,Terminal Deodoro,SN908
973,41634,Santa Cruz,,regular,1,Catiri,379
974,27268,Intersul,,regular,1,Jacaré [via P. do Flamengo],SV474
975,10649,Transcarioca,,regular,1,Rio das Pedras,SN880
976,27074,Intersul,,regular,1,Usina,415
977,28329,Transcarioca,,regular,1,Rio das Pedras [reversível],557
978,26446,Internorte,,regular,0,Copacabana,457
979,18902,Intersul,,regular,1,Saens Peña,409
980,8885,Intersul,,regular,1,Silvestre,006
981,27340,Internorte,,regular,1,Bancários,329
982,25087,Internorte,,regular,1,Penha (IAPI),680
983,13527,Internorte,,regular,0,Cascadura,721
984,29112,Internorte,,regular,0,Castelo,323
985,34012,Internorte,,regular,1,Jardim América,639
986,27652,Internorte,,frescao,0,Castelo,2342
987,30742,Internorte,,regular,1,Rocha Miranda,711
988,34304,Transcarioca,,regular,0,Terminal Alvorada,955
989,23142,Internorte,,regular,0,Engenho da Rainha,946
990,24111,Intersul,,regular,0,Circular,460
991,14018,MOBI-Rio,,brt,0,Jardim Oceânico,50
992,19738,Intersul,,regular,1,Rocinha,538
993,18979,Internorte,,regular,0,Saens Peña,SP635
994,29077,Transcarioca,,frescao,1,Praça Seca,2111
995,28937,Transcarioca,,regular,0,Saens Peña,SN600
996,7649,Santa Cruz,,regular,0,Terminal Pingo D'Água,897
997,50446,Santa Cruz,,regular,1,Terminal Campo Grande,SR397
998,28437,Internorte,,regular,1,Pavuna,946
999,28206,Internorte,,regular,1,Irajá,SVA685
1000,15742,Transcarioca,,regular,0,Gávea,SPB550
1001,10181,Transcarioca,,regular,1,Cascadura,712
1002,24721,Internorte,,regular,0,Fundão,663
1003,29963,Internorte,,regular,0,General Osório [via P. do Flamengo],483
1004,20331,Internorte,,regular,0,Bananal,SVB901
1005,46476,MOBI-Rio,,brt,1,Terminal Aroldo Melodia,38
1006,34146,Internorte,,regular,1,Honório Gurgel,362
1007,15766,Internorte,,regular,1,Penha,622
1008,32297,Intersul,,regular,1,Méier,SN474
1009,24093,MOBI-Rio,,brt,1,Vicente de Carvalho,31
1010,21524,Transcarioca,,regular,1,Rio das Pedras,555
1011,24992,MOBI-Rio,,brt,1,Mato Alto,25
1012,9337,Santa Cruz,,regular,1,Terminal Campo Grande,834
1013,10357,Transcarioca,,regular,1,Rio das Pedras,862
1014,40197,Internorte,,regular,0,Cidade Universitária,945
1015,26203,Santa Cruz,,regular,1,Sepetiba,SN884
1016,18855,Internorte,,regular,0,Leblon,SP404
1017,11337,Santa Cruz,,regular,1,Campo Grande,841
1018,19665,MOBI-Rio,,brt,0,Terminal Recreio,41
1019,16470,Santa Cruz,,regular,0,Terminal Deodoro,791
1020,25355,Santa Cruz,,regular,1,Jabour,SN794
1021,29018,Internorte,,regular,0,Castelo,265
1022,9091,Santa Cruz,,regular,0,Terminal Campo Grande,836
1023,47084,Santa Cruz,,frescao,0,Candelária,2310
1024,80242,Santa Cruz,,frescao,1,Santa Cruz,2337
1025,29981,Internorte,,regular,0,General Osório [via P. Vargas/P. Flamengo],483
1026,23248,Intersul,,regular,0,Terminal Alvorada,548
1027,29032,Internorte,,regular,0,General Osório,485
1028,36657,MOBI-Rio,,brt,0,Terminal Alvorada,38
1029,19049,Intersul,,regular,1,São Conrado [reversível],109
1030,22855,Intersul,,regular,1,Grajaú,SN422
1031,17620,Santa Cruz,,regular,0,Bangu,812
1032,16475,Santa Cruz,,regular,1,Praia de Sepetiba,872
1033,15588,Internorte,,regular,0,Terminal Deodoro,SP795
1034,16805,Transcarioca,,regular,1,Jardim América,775
1035,34280,Internorte,,regular,0,Praia do Dendê,SN696
1036,26552,Intersul,,regular,0,Circular,461
1037,26306,Intersul,,regular,1,São Conrado,SN104
1038,11766,Internorte,,regular,0,Terminal Fundão,SP329
1039,25234,Intersul,,regular,0,Santo Cristo,109
1040,32607,Internorte,,regular,1,Acari,298
1041,30826,Internorte,,regular,0,Praia do Dendê,696
1042,22134,Internorte,,regular,0,Engenho Novo,650
1043,69786,Santa Cruz,,regular,1,Cesarão,SR388
1044,25200,MOBI-Rio,,brt,1,Terminal Deodoro,60
1045,17605,Intersul,,regular,0,Leblon,439
1046,18518,Santa Cruz,,regular,1,Largo do Mendanha,812
1047,21055,Transcarioca,,regular,1,Terminal Taquara,954
1048,10889,Santa Cruz,,regular,0,Campo Grande,842
1049,18819,Intersul,,regular,0,Siqueira Campos,433
1050,22780,Transcarioca,,frescao,1,Freguesia,2114
1051,32743,Internorte,,regular,1,Penha [via P. do Flamengo],483
1052,15468,Intersul,,regular,0,Urca,167
1053,10374,Transcarioca,,regular,0,Praça Seca,783
1054,2717,Transcarioca,,regular,1,Gardênia Azul,829
